-- MySQL dump 10.13  Distrib 8.0.43, for Win64 (x86_64)
--
-- Host: localhost    Database: pizza_express_tycoon
-- ------------------------------------------------------
-- Server version	8.0.43

/*!40101 SET @OLD_CHARACTER_SET_CLIENT=@@CHARACTER_SET_CLIENT */;
/*!40101 SET @OLD_CHARACTER_SET_RESULTS=@@CHARACTER_SET_RESULTS */;
/*!40101 SET @OLD_COLLATION_CONNECTION=@@COLLATION_CONNECTION */;
/*!50503 SET NAMES utf8mb4 */;
/*!40103 SET @OLD_TIME_ZONE=@@TIME_ZONE */;
/*!40103 SET TIME_ZONE='+00:00' */;
/*!40014 SET @OLD_UNIQUE_CHECKS=@@UNIQUE_CHECKS, UNIQUE_CHECKS=0 */;
/*!40014 SET @OLD_FOREIGN_KEY_CHECKS=@@FOREIGN_KEY_CHECKS, FOREIGN_KEY_CHECKS=0 */;
/*!40101 SET @OLD_SQL_MODE=@@SQL_MODE, SQL_MODE='NO_AUTO_VALUE_ON_ZERO' */;
/*!40111 SET @OLD_SQL_NOTES=@@SQL_NOTES, SQL_NOTES=0 */;

--
-- Table structure for table `detalle_pedido`
--

DROP TABLE IF EXISTS `detalle_pedido`;
/*!40101 SET @saved_cs_client     = @@character_set_client */;
/*!50503 SET character_set_client = utf8mb4 */;
CREATE TABLE `detalle_pedido` (
  `idPedido` int NOT NULL,
  `idProducto` int NOT NULL,
  `cantidad` int NOT NULL,
  PRIMARY KEY (`idPedido`,`idProducto`),
  KEY `llaveForanea_detalle_producto` (`idProducto`),
  CONSTRAINT `llaveForanea_detalle_pedido` FOREIGN KEY (`idPedido`) REFERENCES `pedido` (`idPedido`) ON DELETE CASCADE,
  CONSTRAINT `llaveForanea_detalle_producto` FOREIGN KEY (`idProducto`) REFERENCES `producto` (`idProducto`),
  CONSTRAINT `check_detalle_cantidad_pos` CHECK ((`cantidad` > 0))
) ENGINE=InnoDB DEFAULT CHARSET=utf8mb4 COLLATE=utf8mb4_unicode_ci;
/*!40101 SET character_set_client = @saved_cs_client */;

--
-- Dumping data for table `detalle_pedido`
--

LOCK TABLES `detalle_pedido` WRITE;
/*!40000 ALTER TABLE `detalle_pedido` DISABLE KEYS */;
INSERT INTO `detalle_pedido` VALUES (1,2,2),(1,6,1),(2,1,3),(2,2,3),(2,6,3),(3,4,2),(3,5,2),(4,3,2),(5,4,2),(5,5,1),(5,6,2),(6,2,3),(6,3,1),(7,2,3),(8,1,3),(8,3,2),(8,6,1),(9,4,1),(10,1,3),(10,2,2),(11,1,3),(11,2,1),(11,6,3),(12,3,2),(13,2,1),(13,4,2),(13,6,3),(14,1,2),(14,5,3),(14,6,1),(15,3,2),(15,4,1),(16,6,2),(17,5,1),(18,3,1),(18,4,3),(18,5,3),(19,2,1),(19,4,1),(20,3,3),(21,1,2),(21,5,1),(22,1,3),(22,3,2),(22,4,3),(23,5,3),(24,6,3),(25,2,1),(26,1,3),(26,2,2),(27,1,1),(27,2,1),(27,4,2),(28,2,1),(28,3,2),(29,1,2),(30,1,3),(30,2,2),(31,6,3),(32,1,3),(32,2,1),(33,5,3),(33,6,3),(34,1,2),(34,4,2),(35,1,2),(35,4,2),(35,7,1),(36,1,1),(36,3,1),(36,5,3),(37,1,2),(37,2,2),(37,4,2),(38,1,2),(38,6,3),(38,7,3),(39,1,3),(39,3,1),(39,5,3),(40,4,3),(41,3,3),(41,6,3),(41,7,3),(42,2,1),(42,5,1),(42,6,2),(43,2,3),(44,3,3),(44,5,3),(44,7,1),(45,7,2),(46,7,1),(47,12,3),(48,9,2),(48,12,1),(49,10,1),(50,9,2),(51,12,1),(52,9,3),(52,10,3),(52,12,1),(53,9,3),(54,9,1),(54,10,1),(54,12,3),(55,9,2),(55,10,2),(56,10,3),(56,12,2),(57,10,2),(57,12,3),(58,9,3),(58,10,3),(58,12,3),(59,9,2),(59,10,3),(60,9,2),(60,12,1),(61,9,2),(61,10,2),(61,12,3),(62,9,1),(62,10,3),(63,10,2),(64,10,3),(64,13,1),(65,10,1),(65,13,3),(66,9,3),(66,10,1),(66,11,3),(67,9,3),(67,11,2),(68,10,3),(68,11,1),(68,12,1),(69,9,1),(69,12,3),(69,13,1),(70,11,2),(71,9,2),(71,12,2),(71,13,3),(72,10,1),(72,12,1),(72,13,2),(73,9,1),(73,13,2),(74,9,3),(75,13,2),(76,11,3),(77,11,2),(78,11,1),(78,12,1),(78,13,1),(79,10,2),(79,12,2),(79,13,3),(80,10,3),(81,11,2),(81,12,2),(82,12,3),(82,13,2),(83,11,1),(83,12,2),(84,10,1),(84,13,1),(85,12,2),(86,11,3),(86,12,2),(86,13,1),(87,9,2),(87,12,2),(88,12,2),(88,13,3),(89,9,3),(89,12,3),(90,11,3),(91,9,1),(91,13,2),(92,10,1),(92,11,1),(92,13,1),(93,11,2),(93,13,3),(94,11,3),(95,11,2),(96,12,1),(97,11,1),(98,11,2),(98,13,3),(99,11,1),(100,11,3),(100,13,3),(101,9,3),(101,12,2),(101,13,3),(102,9,1),(103,11,3),(104,9,2),(104,10,2),(105,9,3),(105,10,2),(106,10,1),(106,12,3),(106,13,1),(107,9,2),(107,12,2),(108,9,2),(108,11,2),(109,12,2),(110,10,2),(110,11,3),(111,7,3),(112,7,3),(113,7,3),(114,7,2),(115,7,2),(116,7,2),(117,7,3),(118,7,1),(119,7,3),(120,7,3),(121,10,1),(121,11,3),(121,13,1),(122,12,2),(122,13,1),(123,10,2),(123,11,2),(123,12,1),(124,9,2),(124,10,1),(124,12,2),(125,10,1),(126,9,3),(126,10,3),(126,12,1),(127,10,3),(128,9,2),(129,10,1),(130,10,2),(130,11,3),(130,12,2),(131,10,3),(132,10,3),(133,9,3),(133,10,3),(133,11,3),(134,10,1),(134,11,1),(135,10,2),(135,11,1),(135,13,1),(136,9,1),(136,10,3),(136,13,2),(137,11,2),(137,12,2),(138,9,3),(138,10,3),(138,12,2),(139,10,2),(139,13,2),(140,9,3),(140,10,2),(140,11,2),(141,9,1),(141,10,3),(141,11,3),(142,10,1),(143,10,3),(143,12,2),(144,9,2),(144,10,2),(144,11,1),(145,13,2),(146,9,1),(146,12,3),(147,12,1),(148,10,2),(149,9,1),(149,11,3),(150,11,2),(150,12,1),(150,13,1),(151,12,2),(151,13,1),(152,9,1),(153,10,1),(153,11,2),(154,9,1),(154,10,3),(154,11,1),(155,10,1),(156,10,2),(156,11,3);
/*!40000 ALTER TABLE `detalle_pedido` ENABLE KEYS */;
UNLOCK TABLES;

--
-- Table structure for table `historial_estado_pedido`
--

DROP TABLE IF EXISTS `historial_estado_pedido`;
/*!40101 SET @saved_cs_client     = @@character_set_client */;
/*!50503 SET character_set_client = utf8mb4 */;
CREATE TABLE `historial_estado_pedido` (
  `idHistorial` int NOT NULL AUTO_INCREMENT,
  `idPedido` int NOT NULL,
  `estado` enum('RECIBIDA','PREPARANDO','EN_HORNO','ENTREGADA','CANCELADA','NO_ENTREGADO') COLLATE utf8mb4_unicode_ci NOT NULL,
  `fechaCambiado` datetime NOT NULL DEFAULT CURRENT_TIMESTAMP,
  `idUsuarioAccion` int DEFAULT NULL,
  PRIMARY KEY (`idHistorial`),
  KEY `llaveForanea_hist_usuario` (`idUsuarioAccion`),
  KEY `ix_hist_pedido_fecha` (`idPedido`,`fechaCambiado`),
  CONSTRAINT `llaveForanea_hist_pedido` FOREIGN KEY (`idPedido`) REFERENCES `pedido` (`idPedido`) ON DELETE CASCADE,
  CONSTRAINT `llaveForanea_hist_usuario` FOREIGN KEY (`idUsuarioAccion`) REFERENCES `usuario` (`idUsuario`)
) ENGINE=InnoDB AUTO_INCREMENT=529 DEFAULT CHARSET=utf8mb4 COLLATE=utf8mb4_unicode_ci;
/*!40101 SET character_set_client = @saved_cs_client */;

--
-- Dumping data for table `historial_estado_pedido`
--

LOCK TABLES `historial_estado_pedido` WRITE;
/*!40000 ALTER TABLE `historial_estado_pedido` DISABLE KEYS */;
INSERT INTO `historial_estado_pedido` VALUES (1,1,'RECIBIDA','2026-03-07 14:42:54',3),(2,2,'RECIBIDA','2026-03-07 14:42:56',3),(3,3,'RECIBIDA','2026-03-07 14:43:11',3),(4,4,'RECIBIDA','2026-03-07 14:43:26',3),(5,5,'RECIBIDA','2026-03-07 14:43:41',3),(6,1,'NO_ENTREGADO','2026-03-07 14:43:54',3),(7,2,'NO_ENTREGADO','2026-03-07 14:43:56',3),(8,6,'RECIBIDA','2026-03-07 14:43:56',3),(9,3,'NO_ENTREGADO','2026-03-07 14:44:11',3),(10,7,'RECIBIDA','2026-03-07 14:44:11',3),(11,4,'NO_ENTREGADO','2026-03-07 14:44:26',3),(12,8,'RECIBIDA','2026-03-07 14:44:26',3),(13,5,'NO_ENTREGADO','2026-03-07 14:44:41',3),(14,9,'RECIBIDA','2026-03-07 14:44:41',3),(15,6,'NO_ENTREGADO','2026-03-07 14:44:51',3),(16,7,'NO_ENTREGADO','2026-03-07 14:44:51',3),(17,8,'NO_ENTREGADO','2026-03-07 14:44:51',3),(18,9,'NO_ENTREGADO','2026-03-07 14:44:51',3),(19,10,'RECIBIDA','2026-03-07 17:28:08',3),(20,11,'RECIBIDA','2026-03-07 17:28:10',3),(21,10,'PREPARANDO','2026-03-07 17:28:13',3),(22,10,'EN_HORNO','2026-03-07 17:28:16',3),(23,10,'ENTREGADA','2026-03-07 17:28:19',3),(24,12,'RECIBIDA','2026-03-07 17:28:25',3),(25,11,'PREPARANDO','2026-03-07 17:28:25',3),(26,11,'EN_HORNO','2026-03-07 17:28:26',3),(27,11,'ENTREGADA','2026-03-07 17:28:27',3),(28,12,'PREPARANDO','2026-03-07 17:28:33',3),(29,12,'EN_HORNO','2026-03-07 17:28:34',3),(30,12,'ENTREGADA','2026-03-07 17:28:35',3),(31,13,'RECIBIDA','2026-03-07 17:28:40',3),(32,13,'PREPARANDO','2026-03-07 17:28:44',3),(33,13,'EN_HORNO','2026-03-07 17:28:46',3),(34,13,'ENTREGADA','2026-03-07 17:28:47',3),(35,14,'RECIBIDA','2026-03-07 17:28:55',3),(36,14,'PREPARANDO','2026-03-07 17:29:01',3),(37,14,'EN_HORNO','2026-03-07 17:29:03',3),(38,14,'ENTREGADA','2026-03-07 17:29:05',3),(39,15,'RECIBIDA','2026-03-07 17:29:10',3),(40,15,'PREPARANDO','2026-03-07 17:29:23',3),(41,16,'RECIBIDA','2026-03-07 17:29:25',3),(42,15,'EN_HORNO','2026-03-07 17:29:28',3),(43,15,'ENTREGADA','2026-03-07 17:29:29',3),(44,16,'PREPARANDO','2026-03-07 17:29:37',3),(45,16,'EN_HORNO','2026-03-07 17:29:38',3),(46,16,'ENTREGADA','2026-03-07 17:29:39',3),(47,17,'RECIBIDA','2026-03-07 17:29:40',3),(48,17,'PREPARANDO','2026-03-07 17:29:47',3),(49,17,'EN_HORNO','2026-03-07 17:29:48',3),(50,17,'ENTREGADA','2026-03-07 17:29:49',3),(51,18,'RECIBIDA','2026-03-07 17:29:55',3),(52,18,'PREPARANDO','2026-03-07 17:29:59',3),(53,18,'EN_HORNO','2026-03-07 17:30:00',3),(54,18,'ENTREGADA','2026-03-07 17:30:01',3),(55,19,'RECIBIDA','2026-03-07 17:30:10',3),(56,19,'PREPARANDO','2026-03-07 17:30:22',3),(57,19,'EN_HORNO','2026-03-07 17:30:23',3),(58,19,'ENTREGADA','2026-03-07 17:30:24',3),(59,20,'RECIBIDA','2026-03-07 17:30:26',3),(60,20,'PREPARANDO','2026-03-07 17:30:31',3),(61,20,'EN_HORNO','2026-03-07 17:30:32',3),(62,20,'ENTREGADA','2026-03-07 17:30:32',3),(63,21,'RECIBIDA','2026-03-07 17:30:41',3),(64,21,'PREPARANDO','2026-03-07 17:30:47',3),(65,21,'EN_HORNO','2026-03-07 17:30:47',3),(66,21,'ENTREGADA','2026-03-07 17:30:48',3),(67,22,'RECIBIDA','2026-03-07 17:30:56',3),(68,22,'PREPARANDO','2026-03-07 17:31:04',3),(69,22,'EN_HORNO','2026-03-07 17:31:05',3),(70,22,'ENTREGADA','2026-03-07 17:31:05',3),(71,23,'RECIBIDA','2026-03-07 17:31:53',3),(72,24,'RECIBIDA','2026-03-07 17:31:54',3),(73,23,'PREPARANDO','2026-03-07 17:31:58',3),(74,23,'EN_HORNO','2026-03-07 17:31:59',3),(75,23,'ENTREGADA','2026-03-07 17:32:07',3),(76,25,'RECIBIDA','2026-03-07 17:32:09',3),(77,24,'PREPARANDO','2026-03-07 17:32:12',3),(78,24,'CANCELADA','2026-03-07 17:32:14',3),(79,26,'RECIBIDA','2026-03-07 17:32:24',3),(80,27,'RECIBIDA','2026-03-07 17:32:39',3),(81,28,'RECIBIDA','2026-03-07 17:32:54',3),(82,25,'NO_ENTREGADO','2026-03-07 17:33:09',3),(83,29,'RECIBIDA','2026-03-07 17:33:09',3),(84,28,'PREPARANDO','2026-03-07 17:33:16',3),(85,28,'EN_HORNO','2026-03-07 17:33:18',3),(86,28,'ENTREGADA','2026-03-07 17:33:18',3),(87,26,'PREPARANDO','2026-03-07 17:33:23',3),(88,26,'EN_HORNO','2026-03-07 17:33:23',3),(89,26,'ENTREGADA','2026-03-07 17:33:23',3),(90,30,'RECIBIDA','2026-03-07 17:33:25',3),(91,29,'PREPARANDO','2026-03-07 17:33:28',3),(92,29,'EN_HORNO','2026-03-07 17:33:28',3),(93,29,'ENTREGADA','2026-03-07 17:33:29',3),(94,27,'PREPARANDO','2026-03-07 17:33:34',3),(95,27,'EN_HORNO','2026-03-07 17:33:34',3),(96,27,'ENTREGADA','2026-03-07 17:33:34',3),(97,30,'PREPARANDO','2026-03-07 17:33:39',3),(98,30,'EN_HORNO','2026-03-07 17:33:39',3),(99,30,'ENTREGADA','2026-03-07 17:33:39',3),(100,31,'RECIBIDA','2026-03-07 17:33:40',3),(101,31,'NO_ENTREGADO','2026-03-07 17:33:45',3),(102,32,'RECIBIDA','2026-03-07 22:05:17',5),(103,33,'RECIBIDA','2026-03-07 22:05:19',5),(104,32,'PREPARANDO','2026-03-07 22:05:23',5),(105,32,'EN_HORNO','2026-03-07 22:05:23',5),(106,32,'ENTREGADA','2026-03-07 22:05:23',5),(107,33,'PREPARANDO','2026-03-07 22:05:30',5),(108,33,'EN_HORNO','2026-03-07 22:05:31',5),(109,33,'ENTREGADA','2026-03-07 22:05:32',5),(110,34,'RECIBIDA','2026-03-07 22:05:34',5),(111,34,'PREPARANDO','2026-03-07 22:05:38',5),(112,34,'EN_HORNO','2026-03-07 22:05:38',5),(113,34,'ENTREGADA','2026-03-07 22:05:38',5),(114,35,'RECIBIDA','2026-03-07 22:05:49',5),(115,35,'PREPARANDO','2026-03-07 22:05:53',5),(116,35,'EN_HORNO','2026-03-07 22:05:55',5),(117,35,'ENTREGADA','2026-03-07 22:05:55',5),(118,36,'RECIBIDA','2026-03-07 22:06:04',5),(119,36,'PREPARANDO','2026-03-07 22:06:07',5),(120,36,'EN_HORNO','2026-03-07 22:06:08',5),(121,36,'ENTREGADA','2026-03-07 22:06:08',5),(122,37,'RECIBIDA','2026-03-07 22:06:19',5),(123,37,'PREPARANDO','2026-03-07 22:06:23',5),(124,37,'EN_HORNO','2026-03-07 22:06:24',5),(125,37,'ENTREGADA','2026-03-07 22:06:24',5),(126,38,'RECIBIDA','2026-03-07 22:06:34',5),(127,38,'PREPARANDO','2026-03-07 22:06:37',5),(128,38,'EN_HORNO','2026-03-07 22:06:38',5),(129,38,'ENTREGADA','2026-03-07 22:06:39',5),(130,39,'RECIBIDA','2026-03-07 22:06:49',5),(131,39,'PREPARANDO','2026-03-07 22:06:53',5),(132,39,'EN_HORNO','2026-03-07 22:06:54',5),(133,39,'ENTREGADA','2026-03-07 22:06:54',5),(134,40,'RECIBIDA','2026-03-07 22:07:04',5),(135,40,'PREPARANDO','2026-03-07 22:07:07',5),(136,40,'EN_HORNO','2026-03-07 22:07:07',5),(137,40,'ENTREGADA','2026-03-07 22:07:08',5),(138,41,'RECIBIDA','2026-03-07 22:07:19',5),(139,41,'PREPARANDO','2026-03-07 22:07:22',5),(140,41,'EN_HORNO','2026-03-07 22:07:23',5),(141,41,'ENTREGADA','2026-03-07 22:07:24',5),(142,42,'RECIBIDA','2026-03-07 22:07:35',5),(143,42,'PREPARANDO','2026-03-07 22:07:40',5),(144,42,'EN_HORNO','2026-03-07 22:07:41',5),(145,42,'ENTREGADA','2026-03-07 22:07:41',5),(146,43,'RECIBIDA','2026-03-07 22:07:50',5),(147,43,'PREPARANDO','2026-03-07 22:07:53',5),(148,43,'EN_HORNO','2026-03-07 22:07:53',5),(149,43,'ENTREGADA','2026-03-07 22:07:53',5),(150,44,'RECIBIDA','2026-03-07 22:08:05',5),(151,44,'PREPARANDO','2026-03-07 22:08:09',5),(152,44,'EN_HORNO','2026-03-07 22:08:10',5),(153,44,'ENTREGADA','2026-03-07 22:08:11',5),(154,45,'RECIBIDA','2026-03-07 22:15:31',3),(155,46,'RECIBIDA','2026-03-07 22:15:32',3),(156,45,'PREPARANDO','2026-03-07 22:15:39',3),(157,45,'EN_HORNO','2026-03-07 22:15:41',3),(158,45,'ENTREGADA','2026-03-07 22:15:42',3),(159,46,'NO_ENTREGADO','2026-03-07 22:15:47',3),(160,47,'RECIBIDA','2026-03-09 09:26:15',2),(161,48,'RECIBIDA','2026-03-09 09:26:16',2),(162,48,'PREPARANDO','2026-03-09 09:26:22',2),(163,48,'EN_HORNO','2026-03-09 09:26:26',2),(164,48,'ENTREGADA','2026-03-09 09:26:26',2),(165,49,'RECIBIDA','2026-03-09 09:26:31',2),(166,47,'PREPARANDO','2026-03-09 09:26:31',2),(167,47,'EN_HORNO','2026-03-09 09:26:31',2),(168,47,'ENTREGADA','2026-03-09 09:26:31',2),(169,49,'PREPARANDO','2026-03-09 09:26:36',2),(170,49,'EN_HORNO','2026-03-09 09:26:36',2),(171,49,'ENTREGADA','2026-03-09 09:26:36',2),(172,50,'RECIBIDA','2026-03-09 09:26:49',2),(173,51,'RECIBIDA','2026-03-09 09:26:50',2),(174,52,'RECIBIDA','2026-03-09 09:27:06',2),(175,53,'RECIBIDA','2026-03-09 09:27:21',2),(176,54,'RECIBIDA','2026-03-09 09:27:36',2),(177,50,'NO_ENTREGADO','2026-03-09 09:27:50',2),(178,51,'NO_ENTREGADO','2026-03-09 09:27:51',2),(179,55,'RECIBIDA','2026-03-09 09:27:51',2),(180,52,'NO_ENTREGADO','2026-03-09 09:28:06',2),(181,56,'RECIBIDA','2026-03-09 09:28:06',2),(182,53,'NO_ENTREGADO','2026-03-09 09:28:21',2),(183,57,'RECIBIDA','2026-03-09 09:28:21',2),(184,54,'NO_ENTREGADO','2026-03-09 09:28:36',2),(185,58,'RECIBIDA','2026-03-09 09:28:36',2),(186,55,'NO_ENTREGADO','2026-03-09 09:28:51',2),(187,59,'RECIBIDA','2026-03-09 09:28:52',2),(188,56,'NO_ENTREGADO','2026-03-09 09:29:07',2),(189,60,'RECIBIDA','2026-03-09 09:29:07',2),(190,57,'NO_ENTREGADO','2026-03-09 09:29:22',2),(191,61,'RECIBIDA','2026-03-09 09:29:22',2),(192,58,'NO_ENTREGADO','2026-03-09 09:29:37',2),(193,62,'RECIBIDA','2026-03-09 09:29:37',2),(194,59,'NO_ENTREGADO','2026-03-09 09:29:51',2),(195,60,'NO_ENTREGADO','2026-03-09 09:29:51',2),(196,61,'NO_ENTREGADO','2026-03-09 09:29:51',2),(197,62,'NO_ENTREGADO','2026-03-09 09:29:51',2),(198,63,'RECIBIDA','2026-03-09 10:12:01',2),(199,64,'RECIBIDA','2026-03-09 10:12:03',2),(200,65,'RECIBIDA','2026-03-09 10:12:08',2),(201,63,'PREPARANDO','2026-03-09 10:12:09',2),(202,63,'EN_HORNO','2026-03-09 10:12:09',2),(203,63,'ENTREGADA','2026-03-09 10:12:10',2),(204,66,'RECIBIDA','2026-03-09 10:12:13',2),(205,64,'PREPARANDO','2026-03-09 10:12:15',2),(206,64,'EN_HORNO','2026-03-09 10:12:15',2),(207,64,'ENTREGADA','2026-03-09 10:12:16',2),(208,67,'RECIBIDA','2026-03-09 10:12:18',2),(209,65,'PREPARANDO','2026-03-09 10:12:20',2),(210,65,'EN_HORNO','2026-03-09 10:12:21',2),(211,65,'ENTREGADA','2026-03-09 10:12:21',2),(212,68,'RECIBIDA','2026-03-09 10:12:23',2),(213,66,'PREPARANDO','2026-03-09 10:12:27',2),(214,66,'EN_HORNO','2026-03-09 10:12:27',2),(215,66,'ENTREGADA','2026-03-09 10:12:27',2),(216,69,'RECIBIDA','2026-03-09 10:12:28',2),(217,67,'PREPARANDO','2026-03-09 10:12:33',2),(218,67,'EN_HORNO','2026-03-09 10:12:33',2),(219,70,'RECIBIDA','2026-03-09 10:12:33',2),(220,67,'ENTREGADA','2026-03-09 10:12:33',2),(221,71,'RECIBIDA','2026-03-09 10:12:38',2),(222,68,'PREPARANDO','2026-03-09 10:12:38',2),(223,68,'EN_HORNO','2026-03-09 10:12:38',2),(224,68,'ENTREGADA','2026-03-09 10:12:39',2),(225,72,'RECIBIDA','2026-03-09 10:12:43',2),(226,69,'PREPARANDO','2026-03-09 10:12:44',2),(227,69,'EN_HORNO','2026-03-09 10:12:44',2),(228,69,'ENTREGADA','2026-03-09 10:12:44',2),(229,73,'RECIBIDA','2026-03-09 10:12:48',2),(230,70,'PREPARANDO','2026-03-09 10:12:50',2),(231,70,'EN_HORNO','2026-03-09 10:12:50',2),(232,70,'ENTREGADA','2026-03-09 10:12:50',2),(233,74,'RECIBIDA','2026-03-09 10:12:53',2),(234,71,'PREPARANDO','2026-03-09 10:12:55',2),(235,71,'EN_HORNO','2026-03-09 10:12:55',2),(236,71,'ENTREGADA','2026-03-09 10:12:55',2),(237,75,'RECIBIDA','2026-03-09 10:12:58',2),(238,72,'PREPARANDO','2026-03-09 10:13:00',2),(239,72,'EN_HORNO','2026-03-09 10:13:00',2),(240,72,'ENTREGADA','2026-03-09 10:13:00',2),(241,76,'RECIBIDA','2026-03-09 10:13:03',2),(242,73,'PREPARANDO','2026-03-09 10:13:05',2),(243,73,'EN_HORNO','2026-03-09 10:13:05',2),(244,73,'ENTREGADA','2026-03-09 10:13:05',2),(245,77,'RECIBIDA','2026-03-09 10:13:08',2),(246,75,'PREPARANDO','2026-03-09 10:13:09',2),(247,75,'EN_HORNO','2026-03-09 10:13:09',2),(248,75,'ENTREGADA','2026-03-09 10:13:10',2),(249,78,'RECIBIDA','2026-03-09 10:13:13',2),(250,77,'PREPARANDO','2026-03-09 10:13:14',2),(251,77,'EN_HORNO','2026-03-09 10:13:14',2),(252,77,'ENTREGADA','2026-03-09 10:13:14',2),(253,78,'PREPARANDO','2026-03-09 10:13:17',2),(254,78,'EN_HORNO','2026-03-09 10:13:17',2),(255,78,'ENTREGADA','2026-03-09 10:13:17',2),(256,79,'RECIBIDA','2026-03-09 10:13:18',2),(257,79,'PREPARANDO','2026-03-09 10:13:23',2),(258,79,'EN_HORNO','2026-03-09 10:13:23',2),(259,79,'ENTREGADA','2026-03-09 10:13:23',2),(260,80,'RECIBIDA','2026-03-09 10:13:23',2),(261,81,'RECIBIDA','2026-03-09 10:13:28',2),(262,74,'PREPARANDO','2026-03-09 10:13:30',2),(263,74,'EN_HORNO','2026-03-09 10:13:30',2),(264,74,'ENTREGADA','2026-03-09 10:13:30',2),(265,82,'RECIBIDA','2026-03-09 10:13:33',2),(266,76,'PREPARANDO','2026-03-09 10:13:35',2),(267,76,'EN_HORNO','2026-03-09 10:13:35',2),(268,76,'ENTREGADA','2026-03-09 10:13:35',2),(269,83,'RECIBIDA','2026-03-09 10:13:38',2),(270,80,'PREPARANDO','2026-03-09 10:13:39',2),(271,80,'EN_HORNO','2026-03-09 10:13:39',2),(272,80,'ENTREGADA','2026-03-09 10:13:39',2),(273,84,'RECIBIDA','2026-03-09 10:13:43',2),(274,81,'PREPARANDO','2026-03-09 10:13:44',2),(275,81,'EN_HORNO','2026-03-09 10:13:44',2),(276,81,'ENTREGADA','2026-03-09 10:13:44',2),(277,85,'RECIBIDA','2026-03-09 10:13:48',2),(278,82,'PREPARANDO','2026-03-09 10:13:49',2),(279,82,'EN_HORNO','2026-03-09 10:13:49',2),(280,82,'ENTREGADA','2026-03-09 10:13:49',2),(281,84,'PREPARANDO','2026-03-09 10:13:52',2),(282,84,'EN_HORNO','2026-03-09 10:13:52',2),(283,84,'ENTREGADA','2026-03-09 10:13:52',2),(284,86,'RECIBIDA','2026-03-09 10:13:53',2),(285,85,'PREPARANDO','2026-03-09 10:13:56',2),(286,85,'EN_HORNO','2026-03-09 10:13:56',2),(287,85,'ENTREGADA','2026-03-09 10:13:57',2),(288,87,'RECIBIDA','2026-03-09 10:13:59',2),(289,83,'NO_ENTREGADO','2026-03-09 10:14:03',2),(290,86,'NO_ENTREGADO','2026-03-09 10:14:03',2),(291,87,'NO_ENTREGADO','2026-03-09 10:14:03',2),(292,88,'RECIBIDA','2026-03-09 11:49:41',2),(293,89,'RECIBIDA','2026-03-09 11:49:43',2),(294,88,'PREPARANDO','2026-03-09 11:49:47',2),(295,90,'RECIBIDA','2026-03-09 11:49:48',2),(296,88,'EN_HORNO','2026-03-09 11:49:49',2),(297,88,'ENTREGADA','2026-03-09 11:49:49',2),(298,91,'RECIBIDA','2026-03-09 11:49:53',2),(299,90,'PREPARANDO','2026-03-09 11:49:54',2),(300,90,'EN_HORNO','2026-03-09 11:49:54',2),(301,90,'ENTREGADA','2026-03-09 11:49:55',2),(302,92,'RECIBIDA','2026-03-09 11:49:58',2),(303,91,'PREPARANDO','2026-03-09 11:50:00',2),(304,91,'EN_HORNO','2026-03-09 11:50:01',2),(305,91,'ENTREGADA','2026-03-09 11:50:01',2),(306,93,'RECIBIDA','2026-03-09 11:50:03',2),(307,94,'RECIBIDA','2026-03-09 11:50:08',2),(308,89,'PREPARANDO','2026-03-09 11:50:09',2),(309,89,'EN_HORNO','2026-03-09 11:50:11',2),(310,89,'ENTREGADA','2026-03-09 11:50:11',2),(311,95,'RECIBIDA','2026-03-09 11:50:13',2),(312,93,'PREPARANDO','2026-03-09 11:50:15',2),(313,93,'EN_HORNO','2026-03-09 11:50:15',2),(314,93,'ENTREGADA','2026-03-09 11:50:15',2),(315,95,'PREPARANDO','2026-03-09 11:50:18',2),(316,96,'RECIBIDA','2026-03-09 11:50:18',2),(317,95,'EN_HORNO','2026-03-09 11:50:18',2),(318,95,'ENTREGADA','2026-03-09 11:50:18',2),(319,97,'RECIBIDA','2026-03-09 11:50:23',2),(320,92,'PREPARANDO','2026-03-09 11:50:23',2),(321,92,'EN_HORNO','2026-03-09 11:50:24',2),(322,92,'ENTREGADA','2026-03-09 11:50:24',2),(323,96,'PREPARANDO','2026-03-09 11:50:27',2),(324,96,'EN_HORNO','2026-03-09 11:50:27',2),(325,96,'ENTREGADA','2026-03-09 11:50:27',2),(326,98,'RECIBIDA','2026-03-09 11:50:28',2),(327,97,'PREPARANDO','2026-03-09 11:50:30',2),(328,97,'EN_HORNO','2026-03-09 11:50:30',2),(329,97,'ENTREGADA','2026-03-09 11:50:30',2),(330,99,'RECIBIDA','2026-03-09 11:50:33',2),(331,98,'PREPARANDO','2026-03-09 11:50:33',2),(332,98,'EN_HORNO','2026-03-09 11:50:34',2),(333,98,'ENTREGADA','2026-03-09 11:50:34',2),(334,99,'PREPARANDO','2026-03-09 11:50:37',2),(335,99,'EN_HORNO','2026-03-09 11:50:37',2),(336,100,'RECIBIDA','2026-03-09 11:50:38',2),(337,99,'ENTREGADA','2026-03-09 11:50:38',2),(338,94,'PREPARANDO','2026-03-09 11:50:41',2),(339,94,'EN_HORNO','2026-03-09 11:50:41',2),(340,94,'ENTREGADA','2026-03-09 11:50:41',2),(341,101,'RECIBIDA','2026-03-09 11:50:43',2),(342,100,'PREPARANDO','2026-03-09 11:50:45',2),(343,100,'EN_HORNO','2026-03-09 11:50:45',2),(344,100,'ENTREGADA','2026-03-09 11:50:45',2),(345,102,'RECIBIDA','2026-03-09 11:50:48',2),(346,101,'PREPARANDO','2026-03-09 11:50:48',2),(347,101,'EN_HORNO','2026-03-09 11:50:50',2),(348,101,'ENTREGADA','2026-03-09 11:50:52',2),(349,103,'RECIBIDA','2026-03-09 11:50:53',2),(350,102,'PREPARANDO','2026-03-09 11:50:58',2),(351,104,'RECIBIDA','2026-03-09 11:50:58',2),(352,102,'EN_HORNO','2026-03-09 11:50:58',2),(353,102,'ENTREGADA','2026-03-09 11:50:59',2),(354,103,'PREPARANDO','2026-03-09 11:51:03',2),(355,105,'RECIBIDA','2026-03-09 11:51:03',2),(356,103,'EN_HORNO','2026-03-09 11:51:04',2),(357,103,'ENTREGADA','2026-03-09 11:51:04',2),(358,104,'PREPARANDO','2026-03-09 11:51:08',2),(359,104,'EN_HORNO','2026-03-09 11:51:08',2),(360,104,'ENTREGADA','2026-03-09 11:51:08',2),(361,106,'RECIBIDA','2026-03-09 11:51:08',2),(362,105,'PREPARANDO','2026-03-09 11:51:11',2),(363,105,'EN_HORNO','2026-03-09 11:51:11',2),(364,105,'ENTREGADA','2026-03-09 11:51:11',2),(365,107,'RECIBIDA','2026-03-09 11:51:13',2),(366,106,'PREPARANDO','2026-03-09 11:51:15',2),(367,106,'EN_HORNO','2026-03-09 11:51:15',2),(368,106,'ENTREGADA','2026-03-09 11:51:18',2),(369,108,'RECIBIDA','2026-03-09 11:51:18',2),(370,107,'PREPARANDO','2026-03-09 11:51:22',2),(371,107,'EN_HORNO','2026-03-09 11:51:23',2),(372,107,'ENTREGADA','2026-03-09 11:51:23',2),(373,109,'RECIBIDA','2026-03-09 11:51:23',2),(374,108,'PREPARANDO','2026-03-09 11:51:26',2),(375,108,'EN_HORNO','2026-03-09 11:51:27',2),(376,108,'ENTREGADA','2026-03-09 11:51:27',2),(377,110,'RECIBIDA','2026-03-09 11:51:28',2),(378,109,'PREPARANDO','2026-03-09 11:51:32',2),(379,109,'EN_HORNO','2026-03-09 11:51:38',2),(380,109,'ENTREGADA','2026-03-09 11:51:42',2),(381,110,'NO_ENTREGADO','2026-03-09 11:51:43',2),(382,111,'RECIBIDA','2026-03-09 12:05:44',3),(383,112,'RECIBIDA','2026-03-09 12:05:45',3),(384,113,'RECIBIDA','2026-03-09 12:05:50',3),(385,112,'PREPARANDO','2026-03-09 12:05:52',3),(386,112,'EN_HORNO','2026-03-09 12:05:53',3),(387,112,'ENTREGADA','2026-03-09 12:05:54',3),(388,114,'RECIBIDA','2026-03-09 12:05:56',3),(389,115,'RECIBIDA','2026-03-09 12:06:01',3),(390,116,'RECIBIDA','2026-03-09 12:06:06',3),(391,111,'PREPARANDO','2026-03-09 12:06:07',3),(392,111,'EN_HORNO','2026-03-09 12:06:17',3),(393,111,'ENTREGADA','2026-03-09 12:06:19',3),(394,117,'RECIBIDA','2026-03-09 12:06:21',3),(395,115,'PREPARANDO','2026-03-09 12:06:27',3),(396,115,'EN_HORNO','2026-03-09 12:06:27',3),(397,115,'ENTREGADA','2026-03-09 12:06:28',3),(398,118,'RECIBIDA','2026-03-09 12:06:31',3),(399,117,'PREPARANDO','2026-03-09 12:06:33',3),(400,117,'EN_HORNO','2026-03-09 12:06:33',3),(401,117,'ENTREGADA','2026-03-09 12:06:34',3),(402,119,'RECIBIDA','2026-03-09 12:06:36',3),(403,116,'PREPARANDO','2026-03-09 12:06:39',3),(404,116,'EN_HORNO','2026-03-09 12:06:39',3),(405,116,'ENTREGADA','2026-03-09 12:06:40',3),(406,120,'RECIBIDA','2026-03-09 12:06:41',3),(407,113,'NO_ENTREGADO','2026-03-09 12:06:46',3),(408,114,'NO_ENTREGADO','2026-03-09 12:06:46',3),(409,118,'NO_ENTREGADO','2026-03-09 12:06:46',3),(410,119,'NO_ENTREGADO','2026-03-09 12:06:46',3),(411,120,'NO_ENTREGADO','2026-03-09 12:06:46',3),(412,121,'RECIBIDA','2026-03-09 12:37:07',2),(413,122,'RECIBIDA','2026-03-09 12:37:09',2),(414,123,'RECIBIDA','2026-03-09 12:37:12',2),(415,124,'RECIBIDA','2026-03-09 12:37:17',2),(416,121,'PREPARANDO','2026-03-09 12:37:20',2),(417,121,'EN_HORNO','2026-03-09 12:37:20',2),(418,121,'ENTREGADA','2026-03-09 12:37:20',2),(419,125,'RECIBIDA','2026-03-09 12:37:21',2),(420,126,'RECIBIDA','2026-03-09 12:37:25',2),(421,122,'PREPARANDO','2026-03-09 12:37:25',2),(422,122,'EN_HORNO','2026-03-09 12:37:25',2),(423,122,'ENTREGADA','2026-03-09 12:37:25',2),(424,127,'RECIBIDA','2026-03-09 12:37:29',2),(425,123,'PREPARANDO','2026-03-09 12:37:29',2),(426,123,'EN_HORNO','2026-03-09 12:37:29',2),(427,123,'ENTREGADA','2026-03-09 12:37:29',2),(428,128,'RECIBIDA','2026-03-09 12:37:33',2),(429,124,'PREPARANDO','2026-03-09 12:37:34',2),(430,124,'EN_HORNO','2026-03-09 12:37:34',2),(431,124,'ENTREGADA','2026-03-09 12:37:35',2),(432,129,'RECIBIDA','2026-03-09 12:37:37',2),(433,125,'PREPARANDO','2026-03-09 12:37:40',2),(434,125,'EN_HORNO','2026-03-09 12:37:40',2),(435,125,'ENTREGADA','2026-03-09 12:37:40',2),(436,130,'RECIBIDA','2026-03-09 12:37:41',2),(437,131,'RECIBIDA','2026-03-09 12:37:45',2),(438,126,'PREPARANDO','2026-03-09 12:37:46',2),(439,126,'EN_HORNO','2026-03-09 12:37:46',2),(440,126,'ENTREGADA','2026-03-09 12:37:46',2),(441,132,'RECIBIDA','2026-03-09 12:37:49',2),(442,127,'PREPARANDO','2026-03-09 12:37:51',2),(443,127,'EN_HORNO','2026-03-09 12:37:51',2),(444,127,'ENTREGADA','2026-03-09 12:37:52',2),(445,133,'RECIBIDA','2026-03-09 12:37:53',2),(446,128,'PREPARANDO','2026-03-09 12:37:56',2),(447,128,'EN_HORNO','2026-03-09 12:37:56',2),(448,128,'ENTREGADA','2026-03-09 12:37:56',2),(449,134,'RECIBIDA','2026-03-09 12:37:57',2),(450,135,'RECIBIDA','2026-03-09 12:38:01',2),(451,130,'PREPARANDO','2026-03-09 12:38:02',2),(452,130,'EN_HORNO','2026-03-09 12:38:02',2),(453,130,'ENTREGADA','2026-03-09 12:38:02',2),(454,136,'RECIBIDA','2026-03-09 12:38:05',2),(455,129,'PREPARANDO','2026-03-09 12:38:06',2),(456,129,'EN_HORNO','2026-03-09 12:38:06',2),(457,129,'ENTREGADA','2026-03-09 12:38:07',2),(458,137,'RECIBIDA','2026-03-09 12:38:09',2),(459,131,'PREPARANDO','2026-03-09 12:38:10',2),(460,131,'EN_HORNO','2026-03-09 12:38:10',2),(461,131,'ENTREGADA','2026-03-09 12:38:11',2),(462,138,'RECIBIDA','2026-03-09 12:38:13',2),(463,132,'PREPARANDO','2026-03-09 12:38:14',2),(464,132,'EN_HORNO','2026-03-09 12:38:14',2),(465,132,'ENTREGADA','2026-03-09 12:38:14',2),(466,139,'RECIBIDA','2026-03-09 12:38:17',2),(467,133,'PREPARANDO','2026-03-09 12:38:19',2),(468,133,'EN_HORNO','2026-03-09 12:38:19',2),(469,133,'ENTREGADA','2026-03-09 12:38:20',2),(470,140,'RECIBIDA','2026-03-09 12:38:21',2),(471,134,'PREPARANDO','2026-03-09 12:38:24',2),(472,134,'EN_HORNO','2026-03-09 12:38:25',2),(473,134,'ENTREGADA','2026-03-09 12:38:25',2),(474,141,'RECIBIDA','2026-03-09 12:38:25',2),(475,137,'NO_ENTREGADO','2026-03-09 12:38:29',2),(476,142,'RECIBIDA','2026-03-09 12:38:29',2),(477,136,'PREPARANDO','2026-03-09 12:38:29',2),(478,136,'EN_HORNO','2026-03-09 12:38:30',2),(479,136,'ENTREGADA','2026-03-09 12:38:30',2),(480,135,'NO_ENTREGADO','2026-03-09 12:38:31',2),(481,138,'NO_ENTREGADO','2026-03-09 12:38:33',2),(482,143,'RECIBIDA','2026-03-09 12:38:33',2),(483,139,'NO_ENTREGADO','2026-03-09 12:38:37',2),(484,144,'RECIBIDA','2026-03-09 12:38:37',2),(485,142,'PREPARANDO','2026-03-09 12:38:39',2),(486,142,'EN_HORNO','2026-03-09 12:38:40',2),(487,142,'ENTREGADA','2026-03-09 12:38:40',2),(488,140,'NO_ENTREGADO','2026-03-09 12:38:41',2),(489,145,'RECIBIDA','2026-03-09 12:38:41',2),(490,143,'PREPARANDO','2026-03-09 12:38:44',2),(491,143,'EN_HORNO','2026-03-09 12:38:44',2),(492,143,'ENTREGADA','2026-03-09 12:38:44',2),(493,146,'RECIBIDA','2026-03-09 12:38:45',2),(494,141,'NO_ENTREGADO','2026-03-09 12:38:46',2),(495,146,'PREPARANDO','2026-03-09 12:38:48',2),(496,146,'EN_HORNO','2026-03-09 12:38:48',2),(497,146,'ENTREGADA','2026-03-09 12:38:49',2),(498,147,'RECIBIDA','2026-03-09 12:38:49',2),(499,144,'PREPARANDO','2026-03-09 12:38:53',2),(500,144,'EN_HORNO','2026-03-09 12:38:53',2),(501,144,'ENTREGADA','2026-03-09 12:38:53',2),(502,148,'RECIBIDA','2026-03-09 12:38:53',2),(503,149,'RECIBIDA','2026-03-09 12:38:57',2),(504,145,'PREPARANDO','2026-03-09 12:38:58',2),(505,145,'EN_HORNO','2026-03-09 12:38:58',2),(506,145,'ENTREGADA','2026-03-09 12:38:58',2),(507,147,'PREPARANDO','2026-03-09 12:39:03',2),(508,147,'EN_HORNO','2026-03-09 12:39:06',2),(509,147,'ENTREGADA','2026-03-09 12:39:07',2),(510,148,'NO_ENTREGADO','2026-03-09 12:39:08',2),(511,149,'NO_ENTREGADO','2026-03-09 12:39:09',2),(512,150,'RECIBIDA','2026-03-09 13:54:23',2),(513,151,'RECIBIDA','2026-03-09 13:54:24',2),(514,152,'RECIBIDA','2026-03-09 13:54:28',2),(515,150,'PREPARANDO','2026-03-09 13:54:30',2),(516,153,'RECIBIDA','2026-03-09 13:54:32',2),(517,150,'NO_ENTREGADO','2026-03-09 13:54:33',2),(518,151,'NO_ENTREGADO','2026-03-09 13:54:33',2),(519,152,'NO_ENTREGADO','2026-03-09 13:54:33',2),(520,153,'NO_ENTREGADO','2026-03-09 13:54:34',2),(521,154,'RECIBIDA','2026-03-09 13:54:37',2),(522,155,'RECIBIDA','2026-03-09 13:54:41',2),(523,154,'PREPARANDO','2026-03-09 13:54:42',2),(524,154,'EN_HORNO','2026-03-09 13:54:42',2),(525,154,'ENTREGADA','2026-03-09 13:54:43',2),(526,156,'RECIBIDA','2026-03-09 13:54:45',2),(527,155,'NO_ENTREGADO','2026-03-09 13:54:47',2),(528,156,'NO_ENTREGADO','2026-03-09 13:54:47',2);
/*!40000 ALTER TABLE `historial_estado_pedido` ENABLE KEYS */;
UNLOCK TABLES;

--
-- Table structure for table `parametro_juego`
--

DROP TABLE IF EXISTS `parametro_juego`;
/*!40101 SET @saved_cs_client     = @@character_set_client */;
/*!50503 SET character_set_client = utf8mb4 */;
CREATE TABLE `parametro_juego` (
  `nivel` int NOT NULL,
  `tiempoBase` int NOT NULL,
  PRIMARY KEY (`nivel`),
  CONSTRAINT `tiempo_mayor_cero` CHECK ((`tiempoBase` > 0))
) ENGINE=InnoDB DEFAULT CHARSET=utf8mb4 COLLATE=utf8mb4_unicode_ci;
/*!40101 SET character_set_client = @saved_cs_client */;

--
-- Dumping data for table `parametro_juego`
--

LOCK TABLES `parametro_juego` WRITE;
/*!40000 ALTER TABLE `parametro_juego` DISABLE KEYS */;
INSERT INTO `parametro_juego` VALUES (1,60),(2,50),(3,40),(4,30),(5,20);
/*!40000 ALTER TABLE `parametro_juego` ENABLE KEYS */;
UNLOCK TABLES;

--
-- Table structure for table `partida`
--

DROP TABLE IF EXISTS `partida`;
/*!40101 SET @saved_cs_client     = @@character_set_client */;
/*!50503 SET character_set_client = utf8mb4 */;
CREATE TABLE `partida` (
  `idPartida` int NOT NULL AUTO_INCREMENT,
  `idUsuario` int NOT NULL,
  `idSucursal` int NOT NULL,
  `fechaInicio` datetime NOT NULL DEFAULT CURRENT_TIMESTAMP,
  `fechaFin` datetime DEFAULT NULL,
  `puntajeFinal` int NOT NULL DEFAULT '0',
  `nivelMaximo` tinyint NOT NULL DEFAULT '1',
  `finalizado` tinyint(1) NOT NULL DEFAULT '0',
  PRIMARY KEY (`idPartida`),
  KEY `ix_partida_usuario` (`idUsuario`),
  KEY `ix_partida_sucursal` (`idSucursal`),
  KEY `ix_partida_fechaInicio` (`fechaInicio`),
  CONSTRAINT `llaveForanea_partida_sucursal` FOREIGN KEY (`idSucursal`) REFERENCES `sucursal` (`idSucursal`),
  CONSTRAINT `llaveForanea_partida_usuario` FOREIGN KEY (`idUsuario`) REFERENCES `usuario` (`idUsuario`),
  CONSTRAINT `chk_partida_finalizado_01` CHECK ((`finalizado` in (0,1))),
  CONSTRAINT `chk_partida_nivel_pos` CHECK ((`nivelMaximo` > 0)),
  CONSTRAINT `chk_partida_puntaje_no_neg` CHECK ((`puntajeFinal` >= 0))
) ENGINE=InnoDB AUTO_INCREMENT=19 DEFAULT CHARSET=utf8mb4 COLLATE=utf8mb4_unicode_ci;
/*!40101 SET character_set_client = @saved_cs_client */;

--
-- Dumping data for table `partida`
--

LOCK TABLES `partida` WRITE;
/*!40000 ALTER TABLE `partida` DISABLE KEYS */;
INSERT INTO `partida` VALUES (1,3,1,'2026-03-06 21:32:44',NULL,0,1,0),(2,3,1,'2026-03-06 21:35:42',NULL,0,1,0),(3,3,1,'2026-03-06 21:38:27','2026-03-06 21:38:54',0,1,1),(4,3,1,'2026-03-06 22:52:14','2026-03-06 22:53:06',0,1,1),(5,3,1,'2026-03-07 14:42:53',NULL,0,1,0),(6,3,1,'2026-03-07 17:28:08','2026-03-07 17:31:10',1950,3,1),(7,3,1,'2026-03-07 17:31:52','2026-03-07 17:33:45',670,2,1),(8,5,1,'2026-03-07 22:05:17','2026-03-07 22:08:19',1950,3,1),(9,3,1,'2026-03-07 22:15:31','2026-03-07 22:15:47',100,1,1),(10,2,3,'2026-03-08 23:18:42','2026-03-08 23:19:10',0,1,1),(11,2,3,'2026-03-09 09:26:14','2026-03-09 09:26:45',450,1,1),(12,2,3,'2026-03-09 09:26:49',NULL,0,1,0),(13,2,3,'2026-03-09 10:12:01','2026-03-09 10:14:03',3050,3,1),(14,2,3,'2026-03-09 11:49:41','2026-03-09 11:51:43',3200,3,1),(15,5,2,'2026-03-09 12:05:15','2026-03-09 12:05:25',0,1,1),(16,3,1,'2026-03-09 12:05:44','2026-03-09 12:06:46',400,2,1),(17,2,3,'2026-03-09 12:37:07','2026-03-09 12:39:09',2150,5,1),(18,2,3,'2026-03-09 13:54:23','2026-03-09 13:54:47',50,1,1);
/*!40000 ALTER TABLE `partida` ENABLE KEYS */;
UNLOCK TABLES;

--
-- Table structure for table `pedido`
--

DROP TABLE IF EXISTS `pedido`;
/*!40101 SET @saved_cs_client     = @@character_set_client */;
/*!50503 SET character_set_client = utf8mb4 */;
CREATE TABLE `pedido` (
  `idPedido` int NOT NULL AUTO_INCREMENT,
  `idPartida` int NOT NULL,
  `estadoActual` enum('RECIBIDA','PREPARANDO','EN_HORNO','ENTREGADA','CANCELADA','NO_ENTREGADO') COLLATE utf8mb4_unicode_ci NOT NULL DEFAULT 'RECIBIDA',
  `fechaDePedido` datetime NOT NULL DEFAULT CURRENT_TIMESTAMP,
  `tiempoLimite` int NOT NULL,
  `tiempoDeExpiracion` datetime NOT NULL,
  `tiempoDeFinalizacion` datetime DEFAULT NULL,
  `motivoFinalizado` enum('ENTREGADA','CANCELADA','NO_ENTREGADO') COLLATE utf8mb4_unicode_ci DEFAULT NULL,
  PRIMARY KEY (`idPedido`),
  KEY `ix_pedido_partida` (`idPartida`),
  KEY `ix_pedido_estado` (`estadoActual`),
  KEY `ix_pedido_expira` (`tiempoDeExpiracion`),
  CONSTRAINT `llaveForanea_pedido_partida` FOREIGN KEY (`idPartida`) REFERENCES `partida` (`idPartida`),
  CONSTRAINT `check_pedido_tiempoLimite_pos` CHECK ((`tiempoLimite` > 0))
) ENGINE=InnoDB AUTO_INCREMENT=157 DEFAULT CHARSET=utf8mb4 COLLATE=utf8mb4_unicode_ci;
/*!40101 SET character_set_client = @saved_cs_client */;

--
-- Dumping data for table `pedido`
--

LOCK TABLES `pedido` WRITE;
/*!40000 ALTER TABLE `pedido` DISABLE KEYS */;
INSERT INTO `pedido` VALUES (1,5,'NO_ENTREGADO','2026-03-07 14:42:54',60,'2026-03-07 14:43:54','2026-03-07 14:43:54','NO_ENTREGADO'),(2,5,'NO_ENTREGADO','2026-03-07 14:42:55',60,'2026-03-07 14:43:56','2026-03-07 14:43:56','NO_ENTREGADO'),(3,5,'NO_ENTREGADO','2026-03-07 14:43:11',60,'2026-03-07 14:44:11','2026-03-07 14:44:11','NO_ENTREGADO'),(4,5,'NO_ENTREGADO','2026-03-07 14:43:26',60,'2026-03-07 14:44:26','2026-03-07 14:44:26','NO_ENTREGADO'),(5,5,'NO_ENTREGADO','2026-03-07 14:43:41',60,'2026-03-07 14:44:41','2026-03-07 14:44:41','NO_ENTREGADO'),(6,5,'NO_ENTREGADO','2026-03-07 14:43:56',60,'2026-03-07 14:44:56','2026-03-07 14:44:51','NO_ENTREGADO'),(7,5,'NO_ENTREGADO','2026-03-07 14:44:11',60,'2026-03-07 14:45:12','2026-03-07 14:44:51','NO_ENTREGADO'),(8,5,'NO_ENTREGADO','2026-03-07 14:44:26',60,'2026-03-07 14:45:27','2026-03-07 14:44:51','NO_ENTREGADO'),(9,5,'NO_ENTREGADO','2026-03-07 14:44:41',60,'2026-03-07 14:45:42','2026-03-07 14:44:51','NO_ENTREGADO'),(10,6,'ENTREGADA','2026-03-07 17:28:08',60,'2026-03-07 17:29:09','2026-03-07 17:28:19','ENTREGADA'),(11,6,'ENTREGADA','2026-03-07 17:28:09',60,'2026-03-07 17:29:10','2026-03-07 17:28:27','ENTREGADA'),(12,6,'ENTREGADA','2026-03-07 17:28:24',60,'2026-03-07 17:29:25','2026-03-07 17:28:35','ENTREGADA'),(13,6,'ENTREGADA','2026-03-07 17:28:40',60,'2026-03-07 17:29:40','2026-03-07 17:28:47','ENTREGADA'),(14,6,'ENTREGADA','2026-03-07 17:28:55',50,'2026-03-07 17:29:45','2026-03-07 17:29:05','ENTREGADA'),(15,6,'ENTREGADA','2026-03-07 17:29:10',50,'2026-03-07 17:30:00','2026-03-07 17:29:29','ENTREGADA'),(16,6,'ENTREGADA','2026-03-07 17:29:25',50,'2026-03-07 17:30:15','2026-03-07 17:29:39','ENTREGADA'),(17,6,'ENTREGADA','2026-03-07 17:29:40',40,'2026-03-07 17:30:21','2026-03-07 17:29:49','ENTREGADA'),(18,6,'ENTREGADA','2026-03-07 17:29:55',40,'2026-03-07 17:30:36','2026-03-07 17:30:01','ENTREGADA'),(19,6,'ENTREGADA','2026-03-07 17:30:10',40,'2026-03-07 17:30:51','2026-03-07 17:30:24','ENTREGADA'),(20,6,'ENTREGADA','2026-03-07 17:30:26',40,'2026-03-07 17:31:06','2026-03-07 17:30:32','ENTREGADA'),(21,6,'ENTREGADA','2026-03-07 17:30:41',40,'2026-03-07 17:31:21','2026-03-07 17:30:48','ENTREGADA'),(22,6,'ENTREGADA','2026-03-07 17:30:56',40,'2026-03-07 17:31:36','2026-03-07 17:31:05','ENTREGADA'),(23,7,'ENTREGADA','2026-03-07 17:31:53',60,'2026-03-07 17:32:53','2026-03-07 17:32:07','ENTREGADA'),(24,7,'CANCELADA','2026-03-07 17:31:54',60,'2026-03-07 17:32:54','2026-03-07 17:32:14','CANCELADA'),(25,7,'NO_ENTREGADO','2026-03-07 17:32:09',60,'2026-03-07 17:33:09','2026-03-07 17:33:09','NO_ENTREGADO'),(26,7,'ENTREGADA','2026-03-07 17:32:24',60,'2026-03-07 17:33:24','2026-03-07 17:33:23','ENTREGADA'),(27,7,'ENTREGADA','2026-03-07 17:32:39',60,'2026-03-07 17:33:40','2026-03-07 17:33:34','ENTREGADA'),(28,7,'ENTREGADA','2026-03-07 17:32:54',60,'2026-03-07 17:33:55','2026-03-07 17:33:18','ENTREGADA'),(29,7,'ENTREGADA','2026-03-07 17:33:09',60,'2026-03-07 17:34:10','2026-03-07 17:33:29','ENTREGADA'),(30,7,'ENTREGADA','2026-03-07 17:33:24',60,'2026-03-07 17:34:25','2026-03-07 17:33:39','ENTREGADA'),(31,7,'NO_ENTREGADO','2026-03-07 17:33:40',50,'2026-03-07 17:34:30','2026-03-07 17:33:45','NO_ENTREGADO'),(32,8,'ENTREGADA','2026-03-07 22:05:17',60,'2026-03-07 22:06:18','2026-03-07 22:05:23','ENTREGADA'),(33,8,'ENTREGADA','2026-03-07 22:05:18',60,'2026-03-07 22:06:19','2026-03-07 22:05:32','ENTREGADA'),(34,8,'ENTREGADA','2026-03-07 22:05:34',60,'2026-03-07 22:06:34','2026-03-07 22:05:38','ENTREGADA'),(35,8,'ENTREGADA','2026-03-07 22:05:49',60,'2026-03-07 22:06:49','2026-03-07 22:05:55','ENTREGADA'),(36,8,'ENTREGADA','2026-03-07 22:06:04',50,'2026-03-07 22:06:54','2026-03-07 22:06:08','ENTREGADA'),(37,8,'ENTREGADA','2026-03-07 22:06:19',50,'2026-03-07 22:07:09','2026-03-07 22:06:24','ENTREGADA'),(38,8,'ENTREGADA','2026-03-07 22:06:34',50,'2026-03-07 22:07:25','2026-03-07 22:06:39','ENTREGADA'),(39,8,'ENTREGADA','2026-03-07 22:06:49',40,'2026-03-07 22:07:30','2026-03-07 22:06:54','ENTREGADA'),(40,8,'ENTREGADA','2026-03-07 22:07:04',40,'2026-03-07 22:07:45','2026-03-07 22:07:08','ENTREGADA'),(41,8,'ENTREGADA','2026-03-07 22:07:19',40,'2026-03-07 22:08:00','2026-03-07 22:07:24','ENTREGADA'),(42,8,'ENTREGADA','2026-03-07 22:07:35',40,'2026-03-07 22:08:15','2026-03-07 22:07:41','ENTREGADA'),(43,8,'ENTREGADA','2026-03-07 22:07:50',40,'2026-03-07 22:08:30','2026-03-07 22:07:53','ENTREGADA'),(44,8,'ENTREGADA','2026-03-07 22:08:05',40,'2026-03-07 22:08:45','2026-03-07 22:08:11','ENTREGADA'),(45,9,'ENTREGADA','2026-03-07 22:15:31',60,'2026-03-07 22:16:32','2026-03-07 22:15:42','ENTREGADA'),(46,9,'NO_ENTREGADO','2026-03-07 22:15:32',60,'2026-03-07 22:16:33','2026-03-07 22:15:47','NO_ENTREGADO'),(47,11,'ENTREGADA','2026-03-09 09:26:15',60,'2026-03-09 09:27:15','2026-03-09 09:26:31','ENTREGADA'),(48,11,'ENTREGADA','2026-03-09 09:26:16',60,'2026-03-09 09:27:16','2026-03-09 09:26:26','ENTREGADA'),(49,11,'ENTREGADA','2026-03-09 09:26:31',60,'2026-03-09 09:27:31','2026-03-09 09:26:36','ENTREGADA'),(50,12,'NO_ENTREGADO','2026-03-09 09:26:49',60,'2026-03-09 09:27:50','2026-03-09 09:27:50','NO_ENTREGADO'),(51,12,'NO_ENTREGADO','2026-03-09 09:26:50',60,'2026-03-09 09:27:51','2026-03-09 09:27:51','NO_ENTREGADO'),(52,12,'NO_ENTREGADO','2026-03-09 09:27:06',60,'2026-03-09 09:28:06','2026-03-09 09:28:06','NO_ENTREGADO'),(53,12,'NO_ENTREGADO','2026-03-09 09:27:21',60,'2026-03-09 09:28:21','2026-03-09 09:28:21','NO_ENTREGADO'),(54,12,'NO_ENTREGADO','2026-03-09 09:27:36',60,'2026-03-09 09:28:36','2026-03-09 09:28:36','NO_ENTREGADO'),(55,12,'NO_ENTREGADO','2026-03-09 09:27:51',60,'2026-03-09 09:28:51','2026-03-09 09:28:51','NO_ENTREGADO'),(56,12,'NO_ENTREGADO','2026-03-09 09:28:06',60,'2026-03-09 09:29:07','2026-03-09 09:29:07','NO_ENTREGADO'),(57,12,'NO_ENTREGADO','2026-03-09 09:28:21',60,'2026-03-09 09:29:22','2026-03-09 09:29:22','NO_ENTREGADO'),(58,12,'NO_ENTREGADO','2026-03-09 09:28:36',60,'2026-03-09 09:29:37','2026-03-09 09:29:37','NO_ENTREGADO'),(59,12,'NO_ENTREGADO','2026-03-09 09:28:51',60,'2026-03-09 09:29:52','2026-03-09 09:29:51','NO_ENTREGADO'),(60,12,'NO_ENTREGADO','2026-03-09 09:29:07',60,'2026-03-09 09:30:07','2026-03-09 09:29:51','NO_ENTREGADO'),(61,12,'NO_ENTREGADO','2026-03-09 09:29:22',60,'2026-03-09 09:30:22','2026-03-09 09:29:51','NO_ENTREGADO'),(62,12,'NO_ENTREGADO','2026-03-09 09:29:37',60,'2026-03-09 09:30:37','2026-03-09 09:29:51','NO_ENTREGADO'),(63,13,'ENTREGADA','2026-03-09 10:12:01',60,'2026-03-09 10:13:02','2026-03-09 10:12:10','ENTREGADA'),(64,13,'ENTREGADA','2026-03-09 10:12:03',60,'2026-03-09 10:13:03','2026-03-09 10:12:16','ENTREGADA'),(65,13,'ENTREGADA','2026-03-09 10:12:08',60,'2026-03-09 10:13:08','2026-03-09 10:12:21','ENTREGADA'),(66,13,'ENTREGADA','2026-03-09 10:12:13',60,'2026-03-09 10:13:13','2026-03-09 10:12:27','ENTREGADA'),(67,13,'ENTREGADA','2026-03-09 10:12:18',60,'2026-03-09 10:13:18','2026-03-09 10:12:33','ENTREGADA'),(68,13,'ENTREGADA','2026-03-09 10:12:23',60,'2026-03-09 10:13:23','2026-03-09 10:12:39','ENTREGADA'),(69,13,'ENTREGADA','2026-03-09 10:12:28',50,'2026-03-09 10:13:18','2026-03-09 10:12:44','ENTREGADA'),(70,13,'ENTREGADA','2026-03-09 10:12:33',50,'2026-03-09 10:13:23','2026-03-09 10:12:50','ENTREGADA'),(71,13,'ENTREGADA','2026-03-09 10:12:38',50,'2026-03-09 10:13:28','2026-03-09 10:12:55','ENTREGADA'),(72,13,'ENTREGADA','2026-03-09 10:12:43',50,'2026-03-09 10:13:33','2026-03-09 10:13:00','ENTREGADA'),(73,13,'ENTREGADA','2026-03-09 10:12:48',40,'2026-03-09 10:13:28','2026-03-09 10:13:05','ENTREGADA'),(74,13,'ENTREGADA','2026-03-09 10:12:53',40,'2026-03-09 10:13:33','2026-03-09 10:13:30','ENTREGADA'),(75,13,'ENTREGADA','2026-03-09 10:12:58',40,'2026-03-09 10:13:39','2026-03-09 10:13:10','ENTREGADA'),(76,13,'ENTREGADA','2026-03-09 10:13:03',40,'2026-03-09 10:13:44','2026-03-09 10:13:35','ENTREGADA'),(77,13,'ENTREGADA','2026-03-09 10:13:08',40,'2026-03-09 10:13:49','2026-03-09 10:13:14','ENTREGADA'),(78,13,'ENTREGADA','2026-03-09 10:13:13',40,'2026-03-09 10:13:54','2026-03-09 10:13:17','ENTREGADA'),(79,13,'ENTREGADA','2026-03-09 10:13:18',40,'2026-03-09 10:13:59','2026-03-09 10:13:23','ENTREGADA'),(80,13,'ENTREGADA','2026-03-09 10:13:23',40,'2026-03-09 10:14:04','2026-03-09 10:13:39','ENTREGADA'),(81,13,'ENTREGADA','2026-03-09 10:13:28',40,'2026-03-09 10:14:09','2026-03-09 10:13:44','ENTREGADA'),(82,13,'ENTREGADA','2026-03-09 10:13:33',40,'2026-03-09 10:14:14','2026-03-09 10:13:49','ENTREGADA'),(83,13,'NO_ENTREGADO','2026-03-09 10:13:38',40,'2026-03-09 10:14:19','2026-03-09 10:14:03','NO_ENTREGADO'),(84,13,'ENTREGADA','2026-03-09 10:13:43',40,'2026-03-09 10:14:24','2026-03-09 10:13:52','ENTREGADA'),(85,13,'ENTREGADA','2026-03-09 10:13:48',40,'2026-03-09 10:14:29','2026-03-09 10:13:57','ENTREGADA'),(86,13,'NO_ENTREGADO','2026-03-09 10:13:53',40,'2026-03-09 10:14:34','2026-03-09 10:14:03','NO_ENTREGADO'),(87,13,'NO_ENTREGADO','2026-03-09 10:13:59',40,'2026-03-09 10:14:39','2026-03-09 10:14:03','NO_ENTREGADO'),(88,14,'ENTREGADA','2026-03-09 11:49:41',60,'2026-03-09 11:50:42','2026-03-09 11:49:49','ENTREGADA'),(89,14,'ENTREGADA','2026-03-09 11:49:43',60,'2026-03-09 11:50:43','2026-03-09 11:50:11','ENTREGADA'),(90,14,'ENTREGADA','2026-03-09 11:49:48',60,'2026-03-09 11:50:48','2026-03-09 11:49:55','ENTREGADA'),(91,14,'ENTREGADA','2026-03-09 11:49:53',60,'2026-03-09 11:50:53','2026-03-09 11:50:01','ENTREGADA'),(92,14,'ENTREGADA','2026-03-09 11:49:58',60,'2026-03-09 11:50:58','2026-03-09 11:50:24','ENTREGADA'),(93,14,'ENTREGADA','2026-03-09 11:50:03',60,'2026-03-09 11:51:03','2026-03-09 11:50:15','ENTREGADA'),(94,14,'ENTREGADA','2026-03-09 11:50:08',60,'2026-03-09 11:51:08','2026-03-09 11:50:41','ENTREGADA'),(95,14,'ENTREGADA','2026-03-09 11:50:13',50,'2026-03-09 11:51:03','2026-03-09 11:50:18','ENTREGADA'),(96,14,'ENTREGADA','2026-03-09 11:50:18',50,'2026-03-09 11:51:08','2026-03-09 11:50:27','ENTREGADA'),(97,14,'ENTREGADA','2026-03-09 11:50:23',50,'2026-03-09 11:51:13','2026-03-09 11:50:30','ENTREGADA'),(98,14,'ENTREGADA','2026-03-09 11:50:28',40,'2026-03-09 11:51:08','2026-03-09 11:50:34','ENTREGADA'),(99,14,'ENTREGADA','2026-03-09 11:50:33',40,'2026-03-09 11:51:13','2026-03-09 11:50:38','ENTREGADA'),(100,14,'ENTREGADA','2026-03-09 11:50:38',40,'2026-03-09 11:51:18','2026-03-09 11:50:45','ENTREGADA'),(101,14,'ENTREGADA','2026-03-09 11:50:43',40,'2026-03-09 11:51:24','2026-03-09 11:50:52','ENTREGADA'),(102,14,'ENTREGADA','2026-03-09 11:50:48',40,'2026-03-09 11:51:29','2026-03-09 11:50:59','ENTREGADA'),(103,14,'ENTREGADA','2026-03-09 11:50:53',40,'2026-03-09 11:51:34','2026-03-09 11:51:04','ENTREGADA'),(104,14,'ENTREGADA','2026-03-09 11:50:58',40,'2026-03-09 11:51:39','2026-03-09 11:51:08','ENTREGADA'),(105,14,'ENTREGADA','2026-03-09 11:51:03',40,'2026-03-09 11:51:44','2026-03-09 11:51:11','ENTREGADA'),(106,14,'ENTREGADA','2026-03-09 11:51:08',40,'2026-03-09 11:51:49','2026-03-09 11:51:18','ENTREGADA'),(107,14,'ENTREGADA','2026-03-09 11:51:13',40,'2026-03-09 11:51:54','2026-03-09 11:51:23','ENTREGADA'),(108,14,'ENTREGADA','2026-03-09 11:51:18',40,'2026-03-09 11:51:59','2026-03-09 11:51:27','ENTREGADA'),(109,14,'ENTREGADA','2026-03-09 11:51:23',40,'2026-03-09 11:52:04','2026-03-09 11:51:42','ENTREGADA'),(110,14,'NO_ENTREGADO','2026-03-09 11:51:28',40,'2026-03-09 11:52:09','2026-03-09 11:51:43','NO_ENTREGADO'),(111,16,'ENTREGADA','2026-03-09 12:05:44',60,'2026-03-09 12:06:45','2026-03-09 12:06:19','ENTREGADA'),(112,16,'ENTREGADA','2026-03-09 12:05:45',60,'2026-03-09 12:06:46','2026-03-09 12:05:54','ENTREGADA'),(113,16,'NO_ENTREGADO','2026-03-09 12:05:50',60,'2026-03-09 12:06:51','2026-03-09 12:06:46','NO_ENTREGADO'),(114,16,'NO_ENTREGADO','2026-03-09 12:05:56',60,'2026-03-09 12:06:56','2026-03-09 12:06:46','NO_ENTREGADO'),(115,16,'ENTREGADA','2026-03-09 12:06:01',60,'2026-03-09 12:07:01','2026-03-09 12:06:28','ENTREGADA'),(116,16,'ENTREGADA','2026-03-09 12:06:06',60,'2026-03-09 12:07:06','2026-03-09 12:06:40','ENTREGADA'),(117,16,'ENTREGADA','2026-03-09 12:06:21',60,'2026-03-09 12:07:21','2026-03-09 12:06:34','ENTREGADA'),(118,16,'NO_ENTREGADO','2026-03-09 12:06:31',60,'2026-03-09 12:07:31','2026-03-09 12:06:46','NO_ENTREGADO'),(119,16,'NO_ENTREGADO','2026-03-09 12:06:36',50,'2026-03-09 12:07:26','2026-03-09 12:06:46','NO_ENTREGADO'),(120,16,'NO_ENTREGADO','2026-03-09 12:06:41',50,'2026-03-09 12:07:31','2026-03-09 12:06:46','NO_ENTREGADO'),(121,17,'ENTREGADA','2026-03-09 12:37:07',60,'2026-03-09 12:38:08','2026-03-09 12:37:20','ENTREGADA'),(122,17,'ENTREGADA','2026-03-09 12:37:08',60,'2026-03-09 12:38:09','2026-03-09 12:37:25','ENTREGADA'),(123,17,'ENTREGADA','2026-03-09 12:37:12',60,'2026-03-09 12:38:13','2026-03-09 12:37:29','ENTREGADA'),(124,17,'ENTREGADA','2026-03-09 12:37:16',60,'2026-03-09 12:38:17','2026-03-09 12:37:35','ENTREGADA'),(125,17,'ENTREGADA','2026-03-09 12:37:21',60,'2026-03-09 12:38:21','2026-03-09 12:37:40','ENTREGADA'),(126,17,'ENTREGADA','2026-03-09 12:37:25',60,'2026-03-09 12:38:25','2026-03-09 12:37:46','ENTREGADA'),(127,17,'ENTREGADA','2026-03-09 12:37:29',50,'2026-03-09 12:38:19','2026-03-09 12:37:52','ENTREGADA'),(128,17,'ENTREGADA','2026-03-09 12:37:33',50,'2026-03-09 12:38:23','2026-03-09 12:37:56','ENTREGADA'),(129,17,'ENTREGADA','2026-03-09 12:37:37',40,'2026-03-09 12:38:17','2026-03-09 12:38:07','ENTREGADA'),(130,17,'ENTREGADA','2026-03-09 12:37:41',40,'2026-03-09 12:38:21','2026-03-09 12:38:02','ENTREGADA'),(131,17,'ENTREGADA','2026-03-09 12:37:45',40,'2026-03-09 12:38:25','2026-03-09 12:38:11','ENTREGADA'),(132,17,'ENTREGADA','2026-03-09 12:37:49',40,'2026-03-09 12:38:29','2026-03-09 12:38:14','ENTREGADA'),(133,17,'ENTREGADA','2026-03-09 12:37:53',30,'2026-03-09 12:38:23','2026-03-09 12:38:20','ENTREGADA'),(134,17,'ENTREGADA','2026-03-09 12:37:57',30,'2026-03-09 12:38:27','2026-03-09 12:38:25','ENTREGADA'),(135,17,'NO_ENTREGADO','2026-03-09 12:38:01',30,'2026-03-09 12:38:31','2026-03-09 12:38:31','NO_ENTREGADO'),(136,17,'ENTREGADA','2026-03-09 12:38:05',30,'2026-03-09 12:38:35','2026-03-09 12:38:30','ENTREGADA'),(137,17,'NO_ENTREGADO','2026-03-09 12:38:09',20,'2026-03-09 12:38:29','2026-03-09 12:38:29','NO_ENTREGADO'),(138,17,'NO_ENTREGADO','2026-03-09 12:38:13',20,'2026-03-09 12:38:33','2026-03-09 12:38:33','NO_ENTREGADO'),(139,17,'NO_ENTREGADO','2026-03-09 12:38:17',20,'2026-03-09 12:38:37','2026-03-09 12:38:37','NO_ENTREGADO'),(140,17,'NO_ENTREGADO','2026-03-09 12:38:21',20,'2026-03-09 12:38:41','2026-03-09 12:38:41','NO_ENTREGADO'),(141,17,'NO_ENTREGADO','2026-03-09 12:38:25',20,'2026-03-09 12:38:46','2026-03-09 12:38:46','NO_ENTREGADO'),(142,17,'ENTREGADA','2026-03-09 12:38:29',20,'2026-03-09 12:38:50','2026-03-09 12:38:40','ENTREGADA'),(143,17,'ENTREGADA','2026-03-09 12:38:33',20,'2026-03-09 12:38:54','2026-03-09 12:38:44','ENTREGADA'),(144,17,'ENTREGADA','2026-03-09 12:38:37',20,'2026-03-09 12:38:58','2026-03-09 12:38:53','ENTREGADA'),(145,17,'ENTREGADA','2026-03-09 12:38:41',20,'2026-03-09 12:39:02','2026-03-09 12:38:58','ENTREGADA'),(146,17,'ENTREGADA','2026-03-09 12:38:45',20,'2026-03-09 12:39:06','2026-03-09 12:38:49','ENTREGADA'),(147,17,'ENTREGADA','2026-03-09 12:38:49',20,'2026-03-09 12:39:10','2026-03-09 12:39:07','ENTREGADA'),(148,17,'NO_ENTREGADO','2026-03-09 12:38:53',20,'2026-03-09 12:39:14','2026-03-09 12:39:08','NO_ENTREGADO'),(149,17,'NO_ENTREGADO','2026-03-09 12:38:57',20,'2026-03-09 12:39:18','2026-03-09 12:39:08','NO_ENTREGADO'),(150,18,'NO_ENTREGADO','2026-03-09 13:54:23',60,'2026-03-09 13:55:23','2026-03-09 13:54:33','NO_ENTREGADO'),(151,18,'NO_ENTREGADO','2026-03-09 13:54:24',60,'2026-03-09 13:55:25','2026-03-09 13:54:33','NO_ENTREGADO'),(152,18,'NO_ENTREGADO','2026-03-09 13:54:28',60,'2026-03-09 13:55:29','2026-03-09 13:54:33','NO_ENTREGADO'),(153,18,'NO_ENTREGADO','2026-03-09 13:54:32',60,'2026-03-09 13:55:33','2026-03-09 13:54:34','NO_ENTREGADO'),(154,18,'ENTREGADA','2026-03-09 13:54:37',60,'2026-03-09 13:55:37','2026-03-09 13:54:43','ENTREGADA'),(155,18,'NO_ENTREGADO','2026-03-09 13:54:41',60,'2026-03-09 13:55:41','2026-03-09 13:54:47','NO_ENTREGADO'),(156,18,'NO_ENTREGADO','2026-03-09 13:54:45',60,'2026-03-09 13:55:45','2026-03-09 13:54:47','NO_ENTREGADO');
/*!40000 ALTER TABLE `pedido` ENABLE KEYS */;
UNLOCK TABLES;

--
-- Table structure for table `producto`
--

DROP TABLE IF EXISTS `producto`;
/*!40101 SET @saved_cs_client     = @@character_set_client */;
/*!50503 SET character_set_client = utf8mb4 */;
CREATE TABLE `producto` (
  `idProducto` int NOT NULL AUTO_INCREMENT,
  `idSucursal` int NOT NULL,
  `nombreProducto` varchar(80) COLLATE utf8mb4_unicode_ci NOT NULL,
  `productoActivo` tinyint(1) NOT NULL DEFAULT '1',
  `precio` decimal(10,2) NOT NULL,
  PRIMARY KEY (`idProducto`),
  UNIQUE KEY `unico_producto_sucursal_nombre` (`idSucursal`,`nombreProducto`),
  KEY `ix_producto_sucursal_activo` (`idSucursal`,`productoActivo`),
  CONSTRAINT `llaveForanea_producto_sucursal` FOREIGN KEY (`idSucursal`) REFERENCES `sucursal` (`idSucursal`),
  CONSTRAINT `check_precio_no_neg` CHECK ((`precio` >= 0)),
  CONSTRAINT `check_productoActivo_01` CHECK ((`productoActivo` in (0,1)))
) ENGINE=InnoDB AUTO_INCREMENT=18 DEFAULT CHARSET=utf8mb4 COLLATE=utf8mb4_unicode_ci;
/*!40101 SET character_set_client = @saved_cs_client */;

--
-- Dumping data for table `producto`
--

LOCK TABLES `producto` WRITE;
/*!40000 ALTER TABLE `producto` DISABLE KEYS */;
INSERT INTO `producto` VALUES (1,1,'Pizza Pepperoni',1,85.00),(2,1,'Pizza Hawaiana',1,90.00),(3,1,'Pizza Vegetariana',1,88.00),(4,1,'Pizza Suprema',1,95.00),(5,1,'Calzone',1,75.00),(6,1,'Pan con Ajo',1,35.00),(7,1,'Pizza Carnivora',1,100.00),(9,3,'Calzone',1,25.00),(10,3,'Pizza Carnivora',1,95.00),(11,3,'Pizza Chesser',1,85.00),(12,3,'Pizza Champiniones',1,85.00),(13,3,'Pizza Jamón',1,105.00),(14,2,'Calzone',1,25.00),(15,2,'Pizza Grande',1,125.00),(16,2,'Pizza Personal',1,25.00),(17,2,'Pizza Peperoni Grande',1,115.00);
/*!40000 ALTER TABLE `producto` ENABLE KEYS */;
UNLOCK TABLES;

--
-- Table structure for table `rol`
--

DROP TABLE IF EXISTS `rol`;
/*!40101 SET @saved_cs_client     = @@character_set_client */;
/*!50503 SET character_set_client = utf8mb4 */;
CREATE TABLE `rol` (
  `idRol` int NOT NULL AUTO_INCREMENT,
  `nombreRol` varchar(30) COLLATE utf8mb4_unicode_ci NOT NULL,
  PRIMARY KEY (`idRol`),
  UNIQUE KEY `unico_rol_nombre` (`nombreRol`)
) ENGINE=InnoDB AUTO_INCREMENT=4 DEFAULT CHARSET=utf8mb4 COLLATE=utf8mb4_unicode_ci;
/*!40101 SET character_set_client = @saved_cs_client */;

--
-- Dumping data for table `rol`
--

LOCK TABLES `rol` WRITE;
/*!40000 ALTER TABLE `rol` DISABLE KEYS */;
INSERT INTO `rol` VALUES (2,'ADMIN_TIENDA'),(1,'JUGADOR'),(3,'SUPER_ADMIN');
/*!40000 ALTER TABLE `rol` ENABLE KEYS */;
UNLOCK TABLES;

--
-- Table structure for table `sucursal`
--

DROP TABLE IF EXISTS `sucursal`;
/*!40101 SET @saved_cs_client     = @@character_set_client */;
/*!50503 SET character_set_client = utf8mb4 */;
CREATE TABLE `sucursal` (
  `idSucursal` int NOT NULL AUTO_INCREMENT,
  `nombreSucursal` varchar(60) COLLATE utf8mb4_unicode_ci NOT NULL,
  `sucursalActiva` tinyint(1) NOT NULL DEFAULT '1',
  PRIMARY KEY (`idSucursal`),
  UNIQUE KEY `unico_nombre_sucursal` (`nombreSucursal`),
  CONSTRAINT `unicos_valores_01` CHECK ((`sucursalActiva` in (0,1)))
) ENGINE=InnoDB AUTO_INCREMENT=4 DEFAULT CHARSET=utf8mb4 COLLATE=utf8mb4_unicode_ci;
/*!40101 SET character_set_client = @saved_cs_client */;

--
-- Dumping data for table `sucursal`
--

LOCK TABLES `sucursal` WRITE;
/*!40000 ALTER TABLE `sucursal` DISABLE KEYS */;
INSERT INTO `sucursal` VALUES (1,'Sucursal Central',1),(2,'Sucursal Democracia',1),(3,'Sucursal Minerva',1);
/*!40000 ALTER TABLE `sucursal` ENABLE KEYS */;
UNLOCK TABLES;

--
-- Table structure for table `usuario`
--

DROP TABLE IF EXISTS `usuario`;
/*!40101 SET @saved_cs_client     = @@character_set_client */;
/*!50503 SET character_set_client = utf8mb4 */;
CREATE TABLE `usuario` (
  `idUsuario` int NOT NULL AUTO_INCREMENT,
  `nickname` varchar(50) COLLATE utf8mb4_unicode_ci NOT NULL,
  `password` varchar(255) COLLATE utf8mb4_unicode_ci NOT NULL,
  `idRol` int NOT NULL,
  `idSucursal` int DEFAULT NULL,
  `usuarioActivo` tinyint(1) NOT NULL DEFAULT '1',
  `fechaCreado` datetime NOT NULL DEFAULT CURRENT_TIMESTAMP,
  PRIMARY KEY (`idUsuario`),
  UNIQUE KEY `unico_usuario_nickname` (`nickname`),
  KEY `ix_usuario_rol` (`idRol`),
  KEY `ix_usuario_sucursal` (`idSucursal`),
  CONSTRAINT `foraneo_usuario_rol` FOREIGN KEY (`idRol`) REFERENCES `rol` (`idRol`),
  CONSTRAINT `foraneo_usuario_sucursal` FOREIGN KEY (`idSucursal`) REFERENCES `sucursal` (`idSucursal`),
  CONSTRAINT `unico_usuarioActivo_01` CHECK ((`usuarioActivo` in (0,1)))
) ENGINE=InnoDB AUTO_INCREMENT=10 DEFAULT CHARSET=utf8mb4 COLLATE=utf8mb4_unicode_ci;
/*!40101 SET character_set_client = @saved_cs_client */;

--
-- Dumping data for table `usuario`
--

LOCK TABLES `usuario` WRITE;
/*!40000 ALTER TABLE `usuario` DISABLE KEYS */;
INSERT INTO `usuario` VALUES (1,'SuperAdmin','super123',3,NULL,1,'2026-02-26 21:35:06'),(2,'JefersonXD77','12345',1,3,1,'2026-02-26 21:41:31'),(3,'Manuel','manuel123',1,1,1,'2026-03-06 17:01:02'),(4,'adminTienda1','adminTienda123',2,1,1,'2026-03-07 21:31:55'),(5,'Manuel2','manuel2123',1,2,1,'2026-03-07 22:05:00'),(6,'Lany','lany123',2,3,1,'2026-03-08 20:34:51'),(7,'Ana','ana123',1,2,1,'2026-03-08 20:36:54'),(8,'Jose','jose123',2,2,1,'2026-03-08 20:37:22'),(9,'Jugado','jugador123',1,1,1,'2026-03-09 15:26:36');
/*!40000 ALTER TABLE `usuario` ENABLE KEYS */;
UNLOCK TABLES;
/*!40103 SET TIME_ZONE=@OLD_TIME_ZONE */;

/*!40101 SET SQL_MODE=@OLD_SQL_MODE */;
/*!40014 SET FOREIGN_KEY_CHECKS=@OLD_FOREIGN_KEY_CHECKS */;
/*!40014 SET UNIQUE_CHECKS=@OLD_UNIQUE_CHECKS */;
/*!40101 SET CHARACTER_SET_CLIENT=@OLD_CHARACTER_SET_CLIENT */;
/*!40101 SET CHARACTER_SET_RESULTS=@OLD_CHARACTER_SET_RESULTS */;
/*!40101 SET COLLATION_CONNECTION=@OLD_COLLATION_CONNECTION */;
/*!40111 SET SQL_NOTES=@OLD_SQL_NOTES */;

-- Dump completed on 2026-03-09 16:14:07
